epoch,loss
1,0.6197193111878275
2,0.616959617383276
3,0.6158863712638236
4,0.6145274211908733
5,0.6132377769343406
